Company,Avg_Profit,Avg_Debt,Risk_Category
Alpha Corp,42483.4375,18103.791666666668,Medium Risk
Beta Ltd,38733.020833333336,18866.020833333332,Medium Risk
Gamma Inc,44355.5,18753.854166666668,Medium Risk
Delta PLC,23817.4375,18717.666666666668,Medium Risk
Epsilon Co,30485.375,19122.729166666668,Medium Risk
